"Headline","Join True Religion: Innovate"
"Headline","Lead Culver's Top Retail Team"
"Headline","Manage with Style at True"
"Headline","Craft Your Career in Denim"
"Headline","Elevate Retail Mgmt in Culver"
"Headline","True Religion: Passionate Mgr"
"Headline","Drive Retail Success in Culver"
"Headline","Lead, Inspire, Innovate"
"Headline","Culver Retail Leadership Opp"
"Headline","Shape Denim Retail Future"
"Headline","Retail Mgmt Excellence Awaits"
"Headline","Transform Retail with True"
"Headline","Culver Awaits Your Leadership"
"Headline","Master Denim Retail Management"
"Headline","Pioneer Retail Strategy"
"Long Headline","Join True Religion in Culver City and Lead the Future of Denim Retail"
"Long Headline","Manage, Inspire, and Innovate as a Store Manager at True Religion"
"Long Headline","True Religion: Where Craftsmanship Meets Leadership in Retail"
"Long Headline","Culver City's Premier Retail Management Role - Apply Now"
"Long Headline","Lead a Team That's Redefining Denim Craftsmanship"
"Description","Manage a top retail team and drive KPI performance with True Religion. Apply today!"
"Description","Seeking a skilled manager to oversee operations and lead our dynamic team. Join us!"
"Description","Elevate your retail career at True Religion."
"Description","Lead True Religion Culver City to new heights."
"Description","Craft a rewarding career in retail management. Lead our team to success and innovation."
